key_word,narrow_topic_1,narrow_topic_2,narrow_topic_3,broad_topic_1,broad_topic_2,broad_topic_3
finite element analysis,physics-based modeling,numerical methods,,design appropriate modeling,,
monte carlo simulation,uncertainty quantification,search,data-driven methods,design under uncertainty,design appropriate modeling,
sequential quadratic programming,gradient-based optimization,numerical methods,search,engineering design optimization,,
finite element model,physics-based modeling,numerical methods,,design appropriate modeling,,
analytical target cascading,decomposition-based design optimization,multidisciplinary design optimization,systems engineering,large-scale engineering system design,engineering design optimization,
active shock absorber,automotive design,mechatronic system design,,transportation system design,dynamic and control system design,
finite element method,physics-based modeling,numerical methods,,design appropriate modeling,,
multidisciplinary design optimization,multidisciplinary design optimization,decomposition-based design optimization,problem formulation,large-scale engineering system design,engineering design optimization,design method
complex engineered systems,complex engineered systems,systems engineering,emergence,large-scale engineering system design,design under uncertainty,design method
radial basis functions,surrogate modeling,numerical methods,reduced-order methods,design appropriate modeling,,
product family design,product family design,modularity,graph theory,product development,design method,
principal component analysis,machine learning,reduced-order methods,numerical methods,design appropriate modeling,,
engineering design problems,problem formulation,,,design method,design appropriate modeling,
design space,design representation,problem formulation,search,design appropriate modeling,,
product design process,design process ,customer preferences,design for manufacturing,product development,design method,
engineering design process,design process ,systems engineering,design for manufacturing,product development,design method,
input random variables,uncertainty quantification,,,design under uncertainty,,
discrete design variables,design representation,problem formulation,graph theory,engineering design optimization,design appropriate modeling,
trade space exploration,multi-objective optimization,visualization,search,engineering design optimization,design method,
early design stage,early-stage design,creativity,design process ,design method,product development,
level set method,topology optimization,gradient-based optimization,structural design ,engineering design optimization,,
product development process,design process ,customer preferences,design for manufacturing,product development,design method,
wind farm,wind energy,fluid system design,complex engineered systems,sustainable energy system design,large-scale engineering system design,
multiobjective optimization,multi-objective optimization,numerical methods,search,engineering design optimization,,
neural network,surrogate modeling,machine learning,numerical methods,design appropriate modeling,,
computationally expensive,physics-based modeling,surrogate modeling,computational expense,design appropriate modeling,,
robust optimization,robust design,search,numerical methods,design under uncertainty,engineering design optimization,
global optimization,global optimization,numerical methods,search,engineering design optimization,,
topology optimization,topology optimization,structural design ,multidisciplinary design optimization,engineering design optimization,,
global optimum,global optimization,numerical methods,search,engineering design optimization,,
structural optimization,structural design ,topology optimization,gradient-based optimization,engineering design optimization,mechanical design,
compliant mechanism,structural design ,topology optimization,physics-based modeling,mechanical design,,
optimal design,problem formulation,search,numerical methods,engineering design optimization,,
conceptual design,creativity,early-stage design,visualization,design method,product development,
optimization problems,problem formulation,,,engineering design optimization,design method,design appropriate modeling
complex systems,emergence,coupling,complex engineered systems,large-scale engineering system design,design under uncertainty,
computational cost,computational expense,numerical methods,surrogate modeling,design appropriate modeling,large-scale engineering system design,
benchmark problems,problem formulation,experimental validation,design analysis,design method,,
design optimization,search,problem formulation,numerical methods,engineering design optimization,,
experimental data,experimental validation,data-driven methods,design analysis,design method,,
computationally efficient,computational expense,numerical methods,surrogate modeling,design appropriate modeling,large-scale engineering system design,
robust design,robust design,uncertainty quantification,,design under uncertainty,,
complex system,emergence,coupling,complex engineered systems,large-scale engineering system design,design under uncertainty,
reverse engineering,early-stage design,design analysis,visualization,design method,,
optimum design,problem formulation,search,numerical methods,engineering design optimization,,
stochastic processes,uncertainty quantification,,,design under uncertainty,,
optimization process,search,numerical methods,,engineering design optimization,,
product family,product family design,modularity,graph theory,product development,design method,
deterministic optimization,gradient-based optimization,search,,engineering design optimization,,
optimization problem,problem formulation,,,engineering design optimization,design method,design appropriate modeling
structural design,structural design ,,,mechanical design,,
optimization techniques,numerical methods,gradient-based optimization,heuristic optimization algorithms,engineering design optimization,design method,
process planning,process design,design for manufacturing,human elements of design,product development,,
test problems,problem formulation,experimental validation,design analysis,design method,,
conjoint analysis,customer preferences,design for market systems,human elements of design,product development,design method,
engineering problems,problem formulation,systems engineering,,design appropriate modeling,design method,
genetic algorithms,heuristic optimization algorithms,emergence,multi-objective optimization,engineering design optimization,,
optimization model,problem formulation,design representation,numerical methods,engineering design optimization,design appropriate modeling,
random variables,uncertainty quantification,,,design under uncertainty,,
evolutionary algorithms,heuristic optimization algorithms,emergence,multi-objective optimization,engineering design optimization,,
rbdo,reliability-based design optimization,,,design under uncertainty,engineering design optimization,
computational time,computational expense,numerical methods,surrogate modeling,design appropriate modeling,large-scale engineering system design,
design team,human elements of design,design process ,systems engineering,product development,,
product design,design process ,customer preferences,design for manufacturing,product development,design method,
engineering design,design process ,problem formulation,creativity,product development,design method,design appropriate modeling
game theory,emergence,complex engineered systems,human elements of design,design appropriate modeling,design method,dynamic and control system design
existing methods,design analysis,experimental validation,design process ,design method,,
design problems,problem formulation,design analysis,,design method,design appropriate modeling,
production cost,design for manufacturing,process design,design for market systems,product development,,
reconfigurable systems,modularity,product family design,graph theory,design method,dynamic and control system design,
fatigue life,structural design ,experimental validation,,mechanical design,design under uncertainty,
response surface,surrogate modeling,reduced-order methods,numerical methods,design appropriate modeling,engineering design optimization,
cycle time,design process ,design for manufacturing,,design method,product development,
engineering systems,complex engineered systems,emergence,human elements of design,large-scale engineering system design,design under uncertainty,
optimal solutions,problem formulation,search,numerical methods,engineering design optimization,,
surrogate models,surrogate modeling,reduced-order methods,numerical methods,design appropriate modeling,engineering design optimization,
assembly design,design for manufacturing,process design,robotics,product development,,
freeform feature,computational geometry,design representation,topology optimization,product development,design appropriate modeling,mechanical design
pareto frontier,multi-objective optimization,numerical methods,search,engineering design optimization,,
design decisions,design representation,decision analysis,human elements of design,product development,design method,
case studies,design analysis,experimental validation,problem formulation,design method,,
shape optimization,structural design ,computational geometry,design representation,engineering design optimization,design appropriate modeling,
surrogate model,surrogate modeling,reduced-order methods,numerical methods,design appropriate modeling,engineering design optimization,
product families,product family design,modularity,graph theory,product development,design method,
mechanical systems,kinematics,structural design ,,mechanical design,,
product architecture,graph theory,systems engineering,early-stage design,product development,,
product platform,product family design,modularity,graph theory,product development,design method,
design process,design process ,problem formulation,search,design method,product development,
design teams,human elements of design,design process ,systems engineering,product development,,
design processes,design process ,problem formulation,search,design method,product development,
optimal designs,problem formulation,search,numerical methods,engineering design optimization,,
optimization algorithm,search,numerical methods,,engineering design optimization,,
automated design,machine learning,numerical methods,design process ,engineering design optimization,design method,
sensitivity analysis,numerical methods,gradient-based optimization,design analysis,engineering design optimization,design method,
design problem,problem formulation,design analysis,,design method,design appropriate modeling,
system design,complex engineered systems,systems engineering,decomposition-based design optimization,large-scale engineering system design,engineering design optimization,design under uncertainty
genetic algorithm,heuristic optimization algorithms,emergence,multi-objective optimization,engineering design optimization,,
optimal solution,problem formulation,search,numerical methods,engineering design optimization,,
design space,design representation,problem formulation,search,design appropriate modeling,,
detailed design,design process ,design for manufacturing,,product development,design method,
discrete variables,design representation,problem formulation,graph theory,engineering design optimization,design appropriate modeling,
search space,design representation,problem formulation,search,design appropriate modeling,,
production process,process design,design for manufacturing,,product development,,
complex method,emergence,decomposition-based design optimization,complex engineered systems,design appropriate modeling,design method,
original problem,problem formulation,equivalence,surrogate modeling,design method,engineering design optimization,
human body,human elements of design,,,design method,,
reliability index,uncertainty quantification,reliability-based design optimization,,design under uncertainty,,
decision making,decision analysis,design process ,search,design method,product development,
simulation models,physics-based modeling,numerical methods,data-driven methods,design appropriate modeling,engineering design optimization,
design variables,design representation,problem formulation,,engineering design optimization,design appropriate modeling,
reliability analysis,uncertainty quantification,reliability-based design optimization,,design under uncertainty,,
mechanical properties,structural design ,physics-based modeling,,mechanical design,design appropriate modeling,
optimization method,search,numerical methods,design process ,engineering design optimization,design method,
design methods,design process ,creativity,systems engineering,design method,,
product designs,design process ,customer preferences,design for manufacturing,product development,design method,
simulation model,physics-based modeling,numerical methods,data-driven methods,design appropriate modeling,engineering design optimization,
design alternatives,design representation,problem formulation,,design method,,
mathematical model,problem formulation,numerical methods,,design appropriate modeling,engineering design optimization,
integrated design,multidisciplinary design optimization,complex engineered systems,coupling,design method,engineering design optimization,large-scale engineering system design
manufacturing process,process design,design for manufacturing,,product development,,
manufacturing processes,process design,design for manufacturing,,product development,,
engineering resilience,complex engineered systems,uncertainty quantification,robust design,design under uncertainty,large-scale engineering system design,
function evaluations,computational expense,numerical methods,surrogate modeling,design appropriate modeling,engineering design optimization,
materials design,structural design ,topology optimization,physics-based modeling,design method,,
kriging models,surrogate modeling,numerical methods,data-driven methods,design appropriate modeling,engineering design optimization,
product variants,product family design,design representation,graph theory,product development,design method,
design information,design analysis,data-driven methods,customer preferences,design method,product development,
mass customization,product family design,customer preferences,modularity,product development,,
wind turbines,wind energy,mechatronic system design,fluid system design,sustainable energy system design,dynamic and control system design,
kriging model,surrogate modeling,numerical methods,data-driven methods,design appropriate modeling,engineering design optimization,
early stage,early-stage design,creativity,design process ,design method,product development,
model bias,machine learning,surrogate modeling,data-driven methods,design appropriate modeling,,
product quality,design analysis,reliability-based design optimization,design for manufacturing,product development,design under uncertainty,
common platform,product family design,modularity,design for manufacturing,product development,design method,
system reliability,reliability-based design optimization,uncertainty quantification,systems engineering,design under uncertainty,,
product development,design process ,customer preferences,design for manufacturing,product development,design method,
market share,design for market systems,decision analysis,,product development,,
objective function,problem formulation,design analysis,decision analysis,engineering design optimization,,
functional requirements,problem formulation,systems engineering,customer preferences,design method,product development,engineering design optimization
computer model,physics-based modeling,numerical methods,computational expense,design appropriate modeling,,
constraint functions,problem formulation,design rules,,engineering design optimization,,
product attributes,design analysis,problem formulation,design representation,product development,design method,engineering design optimization
design concepts,creativity,early-stage design,visualization,product development,design method,
design approach,design process ,problem formulation,search,design method,,
design domain,design representation,problem formulation,search,design method,engineering design optimization,
metamodeling techniques,surrogate modeling,reduced-order methods,numerical methods,design appropriate modeling,engineering design optimization,
design requirements,problem formulation,systems engineering,customer preferences,design method,product development,engineering design optimization
case study,design analysis,experimental validation,problem formulation,design method,,
multiple objectives,multi-objective optimization,numerical methods,search,engineering design optimization,,
decision maker,human elements of design,decision analysis,systems engineering,design method,product development,large-scale engineering system design
system performance,problem formulation,design analysis,experimental validation,design method,design appropriate modeling,engineering design optimization
solution space,problem formulation,design representation,search,engineering design optimization,design method,
design parameters,design representation,problem formulation,,engineering design optimization,design appropriate modeling,
automotive industry,automotive design,design for market systems,mechatronic system design,transportation system design,large-scale engineering system design,product development
performance function,problem formulation,decision analysis,,engineering design optimization,design appropriate modeling,design method
material properties,physics-based modeling,structural design ,fluid system design,design appropriate modeling,mechanical design,
design specifications,design process ,systems engineering,design representation,design method,product development,
fitness function,problem formulation,design analysis,heuristic optimization algorithms,engineering design optimization,,
design factors,problem formulation,design analysis,,design method,,
manufacturing costs,design for manufacturing,design for market systems,process design,product development,design method,
sample points,data-driven methods,surrogate modeling,experimental validation,design appropriate modeling,engineering design optimization,design under uncertainty
statistical moments,uncertainty quantification,data-driven methods,,design under uncertainty,,
input parameters,design representation,physics-based modeling,surrogate modeling,design appropriate modeling,engineering design optimization,
standard deviation,uncertainty quantification,data-driven methods,,design under uncertainty,,
failure modes,problem formulation,reliability-based design optimization,structural design ,design method,design under uncertainty,engineering design optimization
reliability assessment,uncertainty quantification,experimental validation,data-driven methods,design under uncertainty,,
metamodeling methods,surrogate modeling,reduced-order methods,numerical methods,design appropriate modeling,engineering design optimization,
time consuming,computational expense,numerical methods,surrogate modeling,design appropriate modeling,large-scale engineering system design,
probable point,uncertainty quantification,data-driven methods,,design under uncertainty,engineering design optimization,
computational expense,computational expense,numerical methods,surrogate modeling,design appropriate modeling,large-scale engineering system design,
experimental results,experimental validation,data-driven methods,design analysis,design method,product development,design under uncertainty
probabilistic constraints,problem formulation,uncertainty quantification,,design under uncertainty,engineering design optimization,
design methodology,design process ,creativity,systems engineering,design method,,
confidence level,uncertainty quantification,data-driven methods,design analysis,design method,design under uncertainty,
customer requirements,customer preferences,early-stage design,problem formulation,product development,,
customer preferences,customer preferences,early-stage design,human elements of design,product development,,
geometric tolerances,design for manufacturing,design representation,computational geometry,mechanical design,product development,
interval variables,uncertainty quantification,,,design under uncertainty,,
computational efficiency,computational expense,numerical methods,surrogate modeling,design appropriate modeling,large-scale engineering system design,
uncertainty propagation,uncertainty quantification,problem formulation,,design under uncertainty,design appropriate modeling,
probability distributions,uncertainty quantification,data-driven methods,,design under uncertainty,,
developing world,design for market systems,human elements of design,design for manufacturing,product development,,
early stages,early-stage design,creativity,design process ,product development,design method,
conflicting objectives,multi-objective optimization,problem formulation,,design method,engineering design optimization,
physical experiments,experimental validation,design analysis,data-driven methods,design method,design appropriate modeling,
natural frequencies,physics-based modeling,structural design ,mechatronic system design,dynamic and control system design,design appropriate modeling,
taguchi method,robust design,uncertainty quantification,design for manufacturing,design under uncertainty,,
performance characteristics,problem formulation,design analysis,multi-objective optimization,design method,design appropriate modeling,
epistemic uncertainty,uncertainty quantification,physics-based modeling,,design under uncertainty,design appropriate modeling,
usage context,customer preferences,problem formulation,early-stage design,product development,design method,
design process,design process ,systems engineering,,product development,design method,
optimization problem,problem formulation,design representation,,engineering design optimization,design method,design appropriate modeling
conceptual design,human elements of design,early-stage design,design process ,product development,design method,
finite element,physics-based modeling,numerical methods,,design appropriate modeling,,
machine tool,,,,mechanical design,,
choice modeling,decision analysis,design for market systems,data-driven methods,product development,design method,
random field,uncertainty quantification,,,design under uncertainty,,
solid models,computational geometry,design representation,,design method,mechanical design,
mathematical model,problem formulation,numerical methods,,design appropriate modeling,,
radial basis function,surrogate modeling,numerical methods,reduced-order methods,design appropriate modeling,,
optimization technique,numerical methods,gradient-based optimization,heuristic optimization algorithms,engineering design optimization,design method,
wind turbine,wind energy,mechatronic system design,fluid system design,sustainable energy system design,dynamic and control system design,
compliant mechanism,structural design ,topology optimization,kinematics,mechanical design,dynamic and control system design,
product line,product family design,modularity,design for market systems,product development,,
concept generation,human elements of design,early-stage design,design process ,product development,design method,
CAD models,design representation,visualization,computational geometry,product development,design method,mechanical design
process of design,design process ,human elements of design,,product development,design method,
operating conditions,problem formulation,systems engineering,modularity,design appropriate modeling,design under uncertainty,
sequential sampling,data-driven methods,,,design method,,
utility function,decision analysis,customer preferences,human elements of design,design method,design under uncertainty,
collaborative design,human elements of design,design process ,complex engineered systems,design method,product development,
model prediction,reduced-order methods,machine learning,,design appropriate modeling,,
model validation,experimental validation,data-driven methods,design analysis,design appropriate modeling,,
market segments,design for market systems,human elements of design,,product development,,
life cycle,process design,systems engineering,design for manufacturing,product development,design method,
design space exploration,search,design representation,problem formulation,design method,,
product configuration,graph theory,systems engineering,design representation,product development,,
supply chain,design for manufacturing,process design,systems engineering,product development,,
sheet metal,structural design ,computational geometry,,mechanical design,,
GHG emissions,aircraft design,automotive design,,sustainable energy system design,transportation system design,
Monte Carlo,uncertainty quantification,search,data-driven methods,design under uncertainty,design appropriate modeling,
evolutionary algorithm,heuristic optimization algorithms,emergence,multi-objective optimization,engineering design optimization,,
manufacturing cost,design for manufacturing,design for market systems,process design,product development,design method,
particle swarm,heuristic optimization algorithms,emergence,search,design method,engineering design optimization,
market demand,design for market systems,human elements of design,customer preferences,product development,,
sampling technique,data-driven methods,surrogate modeling,experimental validation,design appropriate modeling,engineering design optimization,design under uncertainty
shock absorber,automotive design,fluid system design,,transportation system design,dynamic and control system design,
dynamic system,mechatronic system design,robotics,,dynamic and control system design,,
reconfigurable system,modularity,product family design,graph theory,design method,dynamic and control system design,
computationally intensive,physics-based modeling,surrogate modeling,computational expense,design appropriate modeling,,
robust design optimization,robust design,uncertainty quantification,,design under uncertainty,engineering design optimization,
dimension reduction,reduced-order methods,design representation,,design appropriate modeling,,
optimization procedure,numerical methods,search,,engineering design optimization,,
predictive models,physics-based modeling,machine learning,,design appropriate modeling,,
electric vehicle,automotive design,mechatronic system design,,dynamic and control system design,transportation system design,sustainable energy system design
make decisions,decision analysis,design process ,search,design method,product development,
renewable energy,wind energy,,,sustainable energy system design,,
high fidelity,physics-based modeling,computational expense,design representation,design appropriate modeling,,
boundary conditions,physics-based modeling,,,design appropriate modeling,,
industrial robot,robotics,mechatronic system design,,dynamic and control system design,,
path planning,robotics,,,dynamic and control system design,,
failure probability,reliability-based design optimization,uncertainty quantification,,design under uncertainty,,
random process,uncertainty quantification,,,design under uncertainty,,
Pareto optimal,multi-objective optimization,numerical methods,search,engineering design optimization,,
discrete choice,customer preferences,decision analysis,design for market systems,product development,,
pattern search,numerical methods,search,,engineering design optimization,,
optimal topologies,topology optimization,structural design ,multidisciplinary design optimization,engineering design optimization,,
systems engineering,systems engineering,complex engineered systems,,large-scale engineering system design,,
parameter design,design representation,problem formulation,,design method,design appropriate modeling,
functional basis,problem formulation,systems engineering,design analysis,design method,product development,
system reconfigurability,modularity,product family design,graph theory,design method,dynamic and control system design,
quality and production,design for manufacturing,uncertainty quantification,process design,product development,,
functional constraints,problem formulation,systems engineering,design analysis,design method,product development,
system dynamics,physics-based modeling,mechatronic system design,systems engineering,dynamic and control system design,,
planning process,design process ,early-stage design,systems engineering,product development,,
metal sheet,structural design ,computational geometry,,mechanical design,,
multi-scale systems,decomposition-based design optimization,physics-based modeling,reduced-order methods,design method,engineering design optimization,
eigenvector dimension reduction ,reduced-order methods,machine learning,design representation,design appropriate modeling,dynamic and control system design,
most probable point,uncertainty quantification,data-driven methods,,design under uncertainty,engineering design optimization,
time-dependent reliability,reliability-based design optimization,uncertainty quantification,,design under uncertainty,,
limit-state function,structural design ,uncertainty quantification,design rules,design method,,
black box functions,surrogate modeling,data-driven methods,,design appropriate modeling,,
large scale systems,complex engineered systems,multidisciplinary design optimization,systems engineering,large-scale engineering system design,,
design environment parameters,problem formulation,design representation,,product development,,
multi-objective optimization problem,multi-objective optimization,problem formulation,search,engineering design optimization,,
multi-objective genetic algorithm,multi-objective optimization,heuristic optimization algorithms,search,engineering design optimization,,
Computer-aided design,design representation,visualization,computational geometry,product development,design method,mechanical design
